<?xml version="1.0"?>
<!--
/**
 * Mageplaza
 *
 * NOTICE OF LICENSE
 *
 * This source file is subject to the Mageplaza.com license that is
 * available through the world-wide-web at this URL:
 * https://www.mageplaza.com/LICENSE.txt
 *
 * DISCLAIMER
 *
 * Do not edit or add to this file if you wish to upgrade this extension to newer
 * version in the future.
 *
 * @category    Mageplaza
 * @package     Mageplaza_Osc
 * @copyright   Copyright (c) 2016 Mageplaza (http://www.mageplaza.com/)
 * @license     https://www.mageplaza.com/LICENSE.txt
 */
-->
<config xmlns:xsi="http://www.w3.org/2001/XMLSchema-instance" xsi:noNamespaceSchemaLocation="urn:magento:framework:Event/etc/events.xsd">
    <event name="sales_model_service_quote_submit_before">
        <observer name="convertOscDataToOrder" instance="Mageplaza\Osc\Observer\QuoteSubmitBefore" />
    </event>
    <event name="checkout_submit_before">
        <observer name="convertOscDataToOrder" instance="Mageplaza\Osc\Observer\CheckoutSubmitBefore" />
    </event>
    <event name="sales_model_service_quote_submit_success">
        <observer name="convertOscDataToOrder" instance="Mageplaza\Osc\Observer\QuoteSubmitSuccess" />
    </event>
</config>
