<?xml version="1.0"?>
<!--
/**
 * Mageplaza
 *
 * NOTICE OF LICENSE
 *
 * This source file is subject to the Mageplaza.com license that is
 * available through the world-wide-web at this URL:
 * https://www.mageplaza.com/LICENSE.txt
 *
 * DISCLAIMER
 *
 * Do not edit or add to this file if you wish to upgrade this extension to newer
 * version in the future.
 *
 * @category    Mageplaza
 * @package     Mageplaza_Osc
 * @copyright   Copyright (c) 2016 Mageplaza (http://www.mageplaza.com/)
 * @license     https://www.mageplaza.com/LICENSE.txt
 */
-->
<config xmlns:xsi="http://www.w3.org/2001/XMLSchema-instance" xsi:noNamespaceSchemaLocation="urn:magento:module:Magento_Sales:etc/sales.xsd">
    <section name="quote">
        <group name="totals">
            <item name="osc_gift_wrap" instance="Mageplaza\Osc\Model\Total\Quote\GiftWrap" sort_order="500"/>
        </group>
    </section>
    <section name="order_invoice">
        <group name="totals">
            <item name="osc_gift_wrap" instance="Mageplaza\Osc\Model\Total\Invoice\GiftWrap" sort_order="500"/>
        </group>
    </section>
    <section name="order_creditmemo">
        <group name="totals">
            <item name="osc_gift_wrap" instance="Mageplaza\Osc\Model\Total\Creditmemo\GiftWrap" sort_order="500"/>
        </group>
    </section>
</config>
