<?xml version="1.0"?>
<!--
/**
 * Mageplaza
 *
 * NOTICE OF LICENSE
 *
 * This source file is subject to the Mageplaza.com license that is
 * available through the world-wide-web at this URL:
 * https://www.mageplaza.com/LICENSE.txt
 *
 * DISCLAIMER
 *
 * Do not edit or add to this file if you wish to upgrade this extension to newer
 * version in the future.
 *
 * @category    Mageplaza
 * @package     Mageplaza_Osc
 * @copyright   Copyright (c) 2016 Mageplaza (http://www.mageplaza.com/)
 * @license     https://www.mageplaza.com/LICENSE.txt
 */
-->
<config xmlns:xsi="http://www.w3.org/2001/XMLSchema-instance" xsi:noNamespaceSchemaLocation="urn:magento:module:Magento_Config:etc/system_file.xsd">
    <system>
        <section id="osc" translate="label comment" sortOrder="10" type="text" showInDefault="1" showInWebsite="1" showInStore="1">
            <label>One Step Checkout</label>
            <tab>mageplaza</tab>
            <resource>Mageplaza_Osc::config_osc</resource>
            <group id="general" translate="label comment" sortOrder="10" type="text" showInDefault="1" showInWebsite="1" showInStore="1">
                <label>General Configuration</label>
                <field id="is_enabled" translate="label comment" sortOrder="10" type="select" showInDefault="1" showInWebsite="1" showInStore="1" canRestore="1">
                    <label>Enable One Step Checkout</label>
                    <source_model>Magento\Config\Model\Config\Source\Yesno</source_model>
                </field>
                <field id="title" translate="label comment" sortOrder="20" type="text" showInDefault="1" showInWebsite="1" showInStore="1" canRestore="1">
                    <label>One Step Checkout Page Title</label>
                </field>
                <field id="description" translate="label comment" sortOrder="40" type="textarea" showInDefault="1" showInWebsite="1" showInStore="1" canRestore="1">
                    <label>One Step Checkout Description</label>
                    <comment>HTML allowed</comment>
                </field>
                <field id="default_shipping_method" translate="label comment" sortOrder="70" type="select" showInDefault="1" showInWebsite="1" showInStore="1">
                    <label>Default Shipping Method</label>
                    <source_model>Mageplaza\Osc\Model\System\Config\Source\ShippingMethods</source_model>
                    <comment>Set default shipping method in the checkout process.</comment>
                </field>
                <field id="default_payment_method" translate="label comment" sortOrder="80" type="select" showInDefault="1" showInWebsite="1" showInStore="1">
                    <label>Default Payment Method</label>
                    <source_model>Mageplaza\Osc\Model\System\Config\Source\PaymentMethods</source_model>
                    <comment>Set default payment method in the checkout process.</comment>
                </field>
                <field id="allow_guest_checkout" translate="label comment" sortOrder="90" type="select" showInDefault="1" showInWebsite="1" showInStore="1" canRestore="1">
                    <label>Allow Guest Checkout</label>
                    <source_model>Magento\Config\Model\Config\Source\Yesno</source_model>
                    <comment>Allow checking out as a guest. Guest can create an account in the checkout page.</comment>
                </field>
                <field id="show_billing_address" translate="label comment" sortOrder="100" type="select" showInDefault="1" showInWebsite="1" showInStore="1" canRestore="1">
                    <label>Can Show Billing Address</label>
                    <source_model>Magento\Config\Model\Config\Source\Yesno</source_model>
                    <comment>Allow customers can billing to a different address from billing address.</comment>
                </field>
                <field id="auto_detect_address" sortOrder="101" type="select" showInDefault="1" showInWebsite="1" showInStore="1" canRestore="1">
                    <label>Use Auto Suggestion Technology</label>
                    <source_model>Mageplaza\Osc\Model\System\Config\Source\AddressSuggest</source_model>
                    <comment>When customer fills address fields, it will suggest a list of full addresses.</comment>
                </field>
                <field id="google_api_key" sortOrder="102" type="text" showInDefault="1" showInWebsite="1" showInStore="1" canRestore="1">
                    <label>Google Api Key</label>
                    <comment>
                        You should register a new key. Get Api key &lt;a href="https://developers.google.com/maps/documentation/javascript/get-api-key" target="_blank">here&lt;/a&gt;
                    </comment>
                    <validate>required-entry</validate>
                    <depends>
                        <field id="auto_detect_address">google</field>
                    </depends>
                </field>
                <field id="google_specific_country" sortOrder="102" type="select" showInDefault="1" showInWebsite="1" showInStore="1">
                    <label>Restrict the auto suggestion for a specific country</label>
                    <source_model>Magento\Directory\Model\Config\Source\Country</source_model>
                    <depends>
                        <field id="auto_detect_address">google</field>
                    </depends>
                </field>
                <field id="pca_website_key" sortOrder="102" type="text" showInDefault="1" showInWebsite="1" showInStore="1">
                    <label>Capture+ Key</label>
                    <comment>
                        To set up a Capture+ account or these keys, please visit &lt;a href="http://www.pcapredict.com/en-us/address-capture-software/?utm_source=mageplaza.com&amp;utm_medium=one-step-checkout&amp;utm_campaign=one-step-checkout" target="_blank" style="margin-left:0;"&gt;Getting Started&lt;/a&gt; page
                    </comment>
                    <depends>
                        <field id="auto_detect_address">pca</field>
                    </depends>
                </field>
                <field id="pca_country_lookup" sortOrder="103" type="select" showInDefault="1" showInWebsite="1" showInStore="1">
                    <label>IP Country Lookup</label>
                    <source_model>Magento\Config\Model\Config\Source\Yesno</source_model>
                    <comment>The default country will be set based on location of the customer.</comment>
                    <depends>
                        <field id="auto_detect_address">pca</field>
                    </depends>
                </field>
            </group>
            <group id="display_configuration" translate="label comment" sortOrder="20" type="text" showInDefault="1" showInWebsite="1" showInStore="1">
                <label>Display Configuration</label>
                <field id="is_enabled_login_link" translate="label comment" sortOrder="2" type="select" showInDefault="1" showInWebsite="1" showInStore="1" canRestore="1">
                    <label>Show Login Link</label>
                    <source_model>Magento\Config\Model\Config\Source\Yesno</source_model>
                </field>
                <field id="is_enabled_review_cart_section" translate="label comment" sortOrder="5" type="select" showInDefault="1" showInWebsite="1" showInStore="1" canRestore="1">
                    <label>Show Order Review Section</label>
                    <source_model>Magento\Config\Model\Config\Source\Yesno</source_model>
                    <comment>You can disable Order Review Section. It is enabled by default.</comment>
                </field>
                <field id="is_show_product_image" translate="label comment" sortOrder="6" type="select" showInDefault="1" showInWebsite="1" showInStore="1" canRestore="1">
                    <label>Show Product Thumbnail Image</label>
                    <source_model>Magento\Config\Model\Config\Source\Yesno</source_model>
                    <depends>
                        <field id="is_enabled_review_cart_section">1</field>
                    </depends>
                </field>
                <field id="show_coupon" translate="label comment" sortOrder="10" type="select" showInDefault="1" showInWebsite="1" showInStore="1" canRestore="1">
                    <label>Show Discount Code Section</label>
                    <source_model>Mageplaza\Osc\Model\System\Config\Source\ComponentPosition</source_model>
                </field>
                <field id="is_enabled_gift_wrap" translate="label comment" sortOrder="20" type="select" showInDefault="1" showInWebsite="1" showInStore="1">
                    <label>Enable Gift Wrap</label>
                    <source_model>Magento\Config\Model\Config\Source\Yesno</source_model>
                </field>
                <field id="gift_wrap_type" translate="label comment" sortOrder="21" type="select" showInDefault="1" showInWebsite="1" showInStore="1">
                    <label>Calculate Method</label>
                    <source_model>Mageplaza\Osc\Model\System\Config\Source\Giftwrap</source_model>
                    <comment>To calculate gift wrap fee based on item or order.</comment>
                    <depends>
                        <field id="is_enabled_gift_wrap">1</field>
                    </depends>
                </field>
                <field id="gift_wrap_amount" translate="label comment" sortOrder="22" type="text" showInDefault="1" showInWebsite="1" showInStore="1">
                    <label>Amount</label>
                    <comment>Enter the amount of gift wrap fee.</comment>
                    <depends>
                        <field id="is_enabled_gift_wrap">1</field>
                    </depends>
                </field>
                <field id="is_enabled_comments" translate="label comment" sortOrder="30" type="select" showInDefault="1" showInWebsite="1" showInStore="1" canRestore="1">
                    <label>Show Order Comment</label>
                    <source_model>Magento\Config\Model\Config\Source\Yesno</source_model>
                    <comment>Allow customer comment in order.</comment>
                </field>
                <field id="show_toc" translate="label comment" sortOrder="40" type="select" showInDefault="1" showInWebsite="1" showInStore="1" canRestore="1">
                    <label>Show Terms and Conditions</label>
                    <source_model>Mageplaza\Osc\Model\System\Config\Source\ComponentPosition</source_model>
                </field>
                <field id="is_enabled_newsletter" translate="label comment" sortOrder="60" type="select" showInDefault="1" showInWebsite="1" showInStore="1" canRestore="1">
                    <label>Show Newsletter Checkbox</label>
                    <source_model>Magento\Config\Model\Config\Source\Yesno</source_model>
                    <comment>Show Sign up newsletter selection</comment>
                </field>
                <field id="is_checked_newsletter" translate="label comment" sortOrder="61" type="select" showInDefault="1" showInWebsite="1" showInStore="1" canRestore="1">
                    <label>Checked Newsletter by default</label>
                    <source_model>Magento\Config\Model\Config\Source\Yesno</source_model>
                    <depends>
                        <field id="is_enabled_newsletter">1</field>
                    </depends>
                </field>
            </group>
            <group id="design_configuration" translate="label comment" sortOrder="30" type="text" showInDefault="1" showInWebsite="1" showInStore="1">
                <label>Design Configuration</label>
                <field id="page_layout" translate="label comment" sortOrder="1" type="select" showInDefault="1" showInWebsite="1" showInStore="1" canRestore="1">
                    <label>Checkout Page Layout</label>
                    <source_model>Mageplaza\Osc\Model\System\Config\Source\Layout</source_model>
                </field>
                <field id="page_design" translate="label comment" sortOrder="10" type="select" showInDefault="1" showInWebsite="1" showInStore="1" canRestore="1">
                    <label>Design Style</label>
                    <source_model>Mageplaza\Osc\Model\System\Config\Source\Design</source_model>
                </field>
                <field id="heading_background" translate="label comment" sortOrder="20" type="text" showInDefault="1" showInWebsite="1" showInStore="1" canRestore="1">
                    <label>Heading Background Color</label>
                    <validate>jscolor {hash:true,refine:false}</validate>
                    <depends>
                        <field id="page_design" separator=",">flat,material</field>
                    </depends>
                </field>
                <field id="heading_text" translate="label comment" sortOrder="25" type="text" showInDefault="1" showInWebsite="1" showInStore="1" canRestore="1">
                    <label>Heading Text Color</label>
                    <validate>jscolor {hash:true,refine:false}</validate>
                    <depends>
                        <field id="page_design" separator=",">flat,material</field>
                    </depends>
                </field>
                <field id="place_order_button" sortOrder="30" type="text" showInDefault="1" showInWebsite="1" showInStore="1" canRestore="1">
                    <label>Place Order button color</label>
                    <validate>jscolor {hash:true,refine:false}</validate>
                </field>
                <field id="custom_css" sortOrder="100" type="textarea" showInDefault="1" showInWebsite="1" showInStore="1">
                    <label>Custom Css</label>
                    <comment><![CDATA[Example: .step-title{background-color: #1979c3;}]]></comment>
                </field>
            </group>
        </section>
    </system>
</config>