<?xml version="1.0"?>
<!--
/**
 * Mageplaza
 *
 * NOTICE OF LICENSE
 *
 * This source file is subject to the Mageplaza.com license that is
 * available through the world-wide-web at this URL:
 * https://www.mageplaza.com/LICENSE.txt
 *
 * DISCLAIMER
 *
 * Do not edit or add to this file if you wish to upgrade this extension to newer
 * version in the future.
 *
 * @category    Mageplaza
 * @package     Mageplaza_Osc
 * @copyright   Copyright (c) 2016 Mageplaza (http://www.mageplaza.com/)
 * @license     https://www.mageplaza.com/LICENSE.txt
 */
-->
<config xmlns:xsi="http://www.w3.org/2001/XMLSchema-instance"
        xsi:noNamespaceSchemaLocation="urn:magento:module:Magento_Customer:etc/sections.xsd">
    <action name="rest/*/V1/carts/*/update-item">
        <section name="cart"/>
        <section name="checkout-data"/>
    </action>
    <action name="rest/*/V1/guest-carts/*/update-item">
        <section name="cart"/>
        <section name="checkout-data"/>
    </action>
    <action name="rest/*/V1/guest-carts/*/remove-item">
        <section name="cart"/>
        <section name="checkout-data"/>
    </action>
    <action name="rest/*/V1/carts/*/remove-item">
        <section name="cart"/>
        <section name="checkout-data"/>
    </action>
</config>
